star,energy
5.5,322.0
5.0,319.0
2.5,1060.0
5.0,130.0
6.0,301.0
4.5,235.0
4.0,468.0
4.0,580.0
4.0,945.0
4.0,945.0
4.0,945.0
6.0,405.0
6.0,67.0
5.0,320.0
5.0,320.0
5.0,320.0
5.0,320.0
5.0,320.0
5.0,320.0
2.5,470.0
5.5,385.0
5.5,385.0
5.5,385.0
5.5,385.0
5.5,385.0
5.5,385.0
5.5,385.0
4.0,255.0
4.0,335.0
4.0,750.0
5.0,310.0
5.0,426.0
5.5,525.0
4.0,750.0
5.0,370.0
5.0,330.0
5.0,458.0
5.5,254.0
5.5,304.0
4.0,554.0
1.0,829.0
5.5,651.0
4.5,550.0
6.0,371.0
6.0,104.0
4.5,380.0
4.0,760.0
3.0,904.0
2.5,1280.0
5.0,594.0
3.5,380.0
4.0,580.0
5.5,303.0
5.5,303.0
5.5,303.0
4.5,893.0
4.5,893.0
5.5,528.0
4.5,893.0
4.5,893.0
4.5,893.0
3.5,642.0
4.0,763.0
4.5,818.0
4.0,450.0
5.0,776.0
1.5,1011.0
5.0,284.0
5.0,284.0
4.5,627.0
4.5,572.0
5.0,320.0
2.5,806.0
2.5,806.0
2.5,806.0
3.5,284.0
3.0,886.0
3.0,886.0
3.0,886.0
3.5,364.0
4.0,703.0
4.5,684.0
6.0,238.0
7.0,295.0
3.5,468.0
6.0,429.0
3.5,638.0
5.0,85.0
2.0,1190.0
5.0,265.0
4.5,349.0
4.5,506.0
4.5,492.0
4.5,240.0
4.5,561.0
5.0,123.0
6.0,135.0
4.0,952.0
4.0,758.0
4.0,758.0
6.0,273.0
6.0,104.0
6.0,104.0
4.0,952.0
5.0,256.0
6.0,98.0
6.0,98.0
6.0,98.0
6.0,98.0
4.5,220.0
4.5,220.0
4.5,220.0
4.5,220.0
5.5,155.0
5.5,155.0
5.5,155.0
5.5,155.0
5.0,320.0
5.0,61.0
5.0,61.0
3.5,291.0
4.0,349.0
4.0,415.0
4.0,572.0
4.5,659.0
4.5,882.0
4.5,517.0
5.0,280.0
4.0,269.0
5.0,339.0
5.0,453.0
4.0,450.0
3.5,380.0
5.0,440.0
3.5,601.0
2.5,805.0
6.0,393.0
5.0,430.0
4.5,560.0
4.0,580.0
4.0,640.0
3.0,1116.0
4.5,288.0
4.5,378.0
5.0,459.0
5.0,459.0
5.0,515.0
4.5,683.0
4.0,404.0
4.0,450.0
3.5,380.0
1.5,726.0
4.5,510.0
6.0,160.0
6.0,104.0
5.0,450.0
4.0,653.0
4.5,580.0
4.0,474.0
5.0,125.0
6.0,104.0
4.5,240.0
6.0,367.0
4.5,824.0
4.5,824.0
3.5,1088.0
5.0,310.0
5.5,383.0
4.0,715.0
4.0,255.0
4.5,288.0
2.5,812.0
5.0,62.0
5.0,324.0
5.0,324.0
5.0,430.0
5.0,430.0
5.0,569.0
5.0,569.0
5.5,645.0
5.5,645.0
4.5,302.0
4.0,266.0
5.5,547.0
5.5,188.0
5.5,155.0
3.5,430.0
6.0,301.0
5.5,177.0
6.0,371.0
5.0,340.0
5.0,340.0
5.0,340.0
5.5,698.0
5.0,496.0
5.0,496.0
5.0,496.0
5.0,279.0
5.0,279.0
5.0,279.0
4.0,586.0
4.0,424.0
4.0,218.0
4.0,404.0
6.0,65.0
6.0,160.0
7.0,175.0
7.0,202.0
4.5,483.0
3.0,514.0
4.0,468.0
4.0,345.0
4.5,1127.0
4.5,1127.0
5.0,312.0
6.0,225.0
6.0,404.0
4.0,426.0
4.5,138.0
4.5,520.0
6.0,371.0
6.0,372.0
4.5,510.0
6.0,68.0
5.0,85.0
4.0,507.0
6.0,68.0
5.0,284.0
4.5,134.0
5.5,110.0
5.5,335.0
4.5,683.0
4.0,758.0
4.0,468.0
5.0,190.0
3.5,649.0
6.0,422.0
4.5,287.0
5.5,295.0
5.0,422.0
5.5,514.0
3.5,370.0
6.0,159.0
3.5,376.0
3.5,376.0
4.5,589.0
4.5,589.0
4.5,518.0
4.5,518.0
3.0,1170.0
3.5,810.0
4.5,347.0
4.5,347.0
4.5,237.0
5.5,110.0
5.5,70.0
5.5,400.0
5.5,400.0
4.0,765.0
5.0,208.0
5.0,208.0
6.0,451.0
4.0,426.0
4.0,426.0
6.0,367.0
6.0,98.0
5.5,155.0
5.5,70.0
5.5,253.0
5.5,253.0
5.5,382.0
5.5,382.0
5.5,286.0
5.5,286.0
4.0,423.0
4.5,467.0
4.5,202.0
6.0,98.0
3.0,514.0
3.0,514.0
2.5,751.0
2.5,751.0
3.0,868.0
5.0,120.0
6.0,171.0
3.0,106.0
4.0,415.0
2.5,596.0
2.5,596.0
4.5,211.0
5.0,175.0
4.5,682.0
4.5,682.0
4.5,135.0
4.5,240.0
3.0,725.0
3.0,725.0
4.0,255.0
5.0,335.0
4.5,313.0
5.0,426.0
5.0,565.0
5.0,262.0
7.0,140.0
7.0,140.0
7.0,140.0
4.5,370.0
5.0,245.0
6.0,151.0
4.5,667.0
5.0,216.0
5.0,259.0
6.0,443.0
3.5,785.0
3.5,785.0
6.0,294.0
5.5,381.0
5.0,84.0
5.0,85.0
5.5,284.0
6.0,151.0
5.5,506.0
5.0,60.0
5.0,440.0
4.0,572.0
5.0,346.0
4.0,756.0
5.5,465.0
4.0,612.0
6.0,369.0
4.5,381.0
4.5,362.0
5.5,402.0
4.5,287.0
4.5,371.0
5.0,433.0
6.0,149.0
6.0,149.0
6.0,367.0
6.0,367.0
5.0,62.0
5.0,130.0
4.0,261.0
4.5,312.0
4.5,230.0
4.0,400.0
4.0,354.0
5.5,194.0
5.5,194.0
5.5,194.0
5.5,194.0
6.0,210.0
6.0,210.0
6.0,210.0
6.0,210.0
6.0,210.0
6.0,247.0
6.0,247.0
6.0,247.0
6.0,247.0
6.0,271.0
6.0,271.0
6.0,271.0
6.0,271.0
6.0,271.0
6.0,275.0
5.0,128.0
6.0,247.0
6.0,102.0
4.5,132.0
5.5,174.0
7.0,172.0
7.0,214.0
6.0,370.0
5.0,562.0
5.5,194.0
5.0,592.0
6.0,151.0
6.0,151.0
6.0,151.0
6.0,151.0
6.0,151.0
4.0,422.0
4.0,528.0
6.0,151.0
6.0,151.0
6.0,151.0
6.0,151.0
6.0,151.0
6.0,151.0
6.0,151.0
6.0,151.0
5.0,78.0
5.5,416.0
5.5,191.0
3.5,832.0
4.5,638.0
6.0,203.0
5.0,440.0
5.0,579.0
5.0,579.0
5.5,674.0
5.5,674.0
4.5,280.0
5.0,316.0
5.0,316.0
4.5,375.0
4.5,349.0
4.5,349.0
5.5,393.0
5.5,393.0
5.0,462.0
5.5,411.0
5.5,411.0
6.0,513.0
6.0,513.0
5.5,656.0
5.5,656.0
6.0,157.0
3.5,630.0
4.5,232.0
4.5,232.0
4.5,284.0
4.5,284.0
3.5,276.0
3.5,276.0
3.5,284.0
4.0,331.0
4.0,331.0
4.5,295.0
4.5,295.0
4.5,287.0
4.0,419.0
4.0,419.0
4.5,346.0
4.5,346.0
4.5,360.0
4.0,528.0
4.0,528.0
5.0,433.0
5.0,433.0
4.0,543.0
4.5,663.0
4.5,663.0
5.5,492.0
5.5,492.0
4.5,630.0
4.0,915.0
4.0,915.0
4.0,915.0
4.5,893.0
4.0,419.0
4.0,419.0
4.0,419.0
5.0,576.0
5.0,576.0
5.0,576.0
5.0,740.0
5.0,740.0
5.0,740.0
5.0,383.0
5.0,437.0
5.0,437.0
5.0,437.0
5.0,437.0
4.5,613.0
4.5,613.0
4.5,613.0
3.5,777.0
3.5,777.0
3.5,777.0
4.0,423.0
3.5,276.0
3.5,276.0
4.0,331.0
4.0,331.0
4.5,357.0
4.0,419.0
4.0,419.0
4.0,543.0
5.0,605.0
5.0,605.0
5.0,725.0
5.0,725.0
5.5,115.0
5.5,653.0
5.5,653.0
5.5,653.0
4.0,270.0
4.0,270.0
4.0,270.0
5.5,386.0
5.5,386.0
5.5,386.0
6.0,370.0
4.0,346.0
4.0,346.0
4.0,346.0
4.0,346.0
4.0,416.0
4.0,416.0
4.0,416.0
4.0,416.0
4.0,551.0
4.0,551.0
4.0,551.0
4.5,635.0
4.5,635.0
4.5,635.0
4.5,817.0
4.5,817.0
4.5,817.0
4.0,270.0
1.0,1120.0
1.0,1120.0
1.0,1120.0
4.5,95.0
3.0,412.0
3.0,412.0
3.0,412.0
3.0,897.0
3.0,897.0
3.0,897.0
4.0,422.0
4.0,422.0
4.0,532.0
4.5,349.0
4.5,349.0
5.5,557.0
5.5,557.0
5.5,400.0
5.5,400.0
6.0,462.0
1.5,1240.0
1.5,1240.0
1.5,1240.0
2.0,1423.0
2.0,1423.0
2.0,1423.0
2.5,594.0
2.5,594.0
2.5,594.0
3.0,1113.0
3.0,1113.0
3.0,1113.0
6.0,202.0
2.5,364.0
2.5,364.0
2.5,364.0
4.0,353.0
4.0,353.0
4.0,353.0
3.0,514.0
3.0,514.0
3.0,514.0
3.0,499.0
3.0,499.0
3.0,499.0
4.0,580.0
4.0,580.0
4.0,580.0
4.0,580.0
4.0,580.0
4.0,580.0
4.0,715.0
4.0,715.0
4.0,715.0
4.0,916.0
4.0,916.0
4.0,916.0
3.5,287.0
4.0,342.0
4.5,619.0
4.0,915.0
7.0,122.0
3.0,1159.0
6.0,226.0
5.0,321.0
3.5,455.0
3.5,455.0
4.5,87.0
4.5,478.0
4.5,376.0
4.5,869.0
3.5,467.0
4.0,704.0
4.0,970.0
1.0,1135.0
1.0,1135.0
1.0,1135.0
1.5,1605.0
1.5,1605.0
1.5,1605.0
4.0,544.0
1.0,1445.0
1.0,1445.0
1.0,1445.0
3.0,339.0
3.0,339.0
3.0,339.0
2.5,744.0
2.5,744.0
2.5,744.0
2.5,781.0
2.5,781.0
2.5,781.0
5.0,715.0
5.0,715.0
5.0,715.0
2.5,755.0
2.5,755.0
2.5,755.0
2.0,635.0
2.0,635.0
2.0,635.0
1.0,817.0
2.5,978.0
2.5,978.0
2.5,978.0
2.5,1233.0
2.5,1233.0
2.5,1233.0
2.0,897.0
2.0,897.0
2.0,897.0
4.5,492.0
4.5,492.0
4.0,426.0
4.0,426.0
4.0,107.0
4.0,387.0
5.5,110.0
5.0,451.0
5.0,629.0
4.0,732.0
4.0,555.0
4.0,269.0
5.0,276.0
4.0,342.0
4.0,419.0
5.0,419.0
4.0,557.0
2.5,776.0
2.5,776.0
4.5,466.0
6.0,462.0
3.5,849.0
3.5,849.0
5.0,605.0
3.0,1200.0
3.0,1200.0
3.0,959.0
3.0,1171.0
3.0,1171.0
6.0,210.0
6.0,210.0
5.5,396.0
4.0,426.0
4.0,426.0
4.5,492.0
4.5,492.0
2.0,507.0
2.5,1000.0
2.5,1000.0
2.5,1000.0
6.0,99.0
3.5,302.0
3.5,302.0
3.5,302.0
3.5,302.0
4.0,353.0
4.0,251.0
4.5,291.0
2.5,580.0
2.5,580.0
2.5,580.0
5.0,317.0
5.0,419.0
5.0,576.0
3.5,471.0
5.0,321.0
5.0,321.0
5.0,321.0
5.0,321.0
4.0,259.0
4.0,259.0
4.0,259.0
4.5,295.0
4.5,295.0
4.5,295.0
4.5,671.0
4.5,671.0
4.5,671.0
4.5,671.0
4.5,671.0
5.0,430.0
5.0,430.0
5.0,430.0
5.0,430.0
5.0,430.0
4.0,557.0
4.5,630.0
4.0,915.0
6.0,202.0
4.5,520.0
5.0,84.0
5.0,84.0
4.0,468.0
6.0,151.0
6.0,151.0
6.0,151.0
2.0,835.0
3.0,894.0
3.5,1076.0
4.5,590.0
5.5,663.0
5.5,663.0
4.5,507.0
3.0,306.0
3.0,306.0
3.0,306.0
3.0,306.0
4.0,331.0
4.5,278.0
5.5,285.0
6.0,321.0
5.5,515.0
5.5,299.0
6.0,321.0
6.0,256.0
6.0,131.0
6.0,151.0
4.5,360.0
4.0,422.0
4.0,532.0
4.5,627.0
5.0,82.0
6.0,600.0
6.0,99.0
4.0,385.0
4.0,315.0
4.0,347.0
3.0,504.0
3.0,661.0
3.5,826.0
4.0,875.0
4.0,758.0
6.0,370.0
6.0,600.0
5.0,320.0
6.0,600.0
5.0,284.0
5.5,536.0
4.0,572.0
6.0,104.0
4.5,145.0
4.5,145.0
4.5,145.0
4.5,145.0
3.5,286.0
4.5,90.0
4.5,375.0
4.5,375.0
4.5,484.0
4.5,484.0
5.0,587.0
5.0,587.0
5.0,754.0
5.0,754.0
4.0,256.0
4.5,91.0
4.5,145.0
3.5,252.0
4.5,505.0
4.0,448.0
6.0,68.0
6.0,68.0
6.0,210.0
6.0,247.0
5.0,82.0
5.0,131.0
5.0,185.0
5.5,155.0
4.5,505.0
4.5,235.0
4.0,580.0
4.5,218.0
4.5,307.0
5.0,320.0
5.5,410.0
5.5,527.0
5.5,116.0
4.0,354.0
5.0,462.0
5.0,462.0
5.0,462.0
5.0,462.0
5.0,462.0
5.0,462.0
5.0,462.0
4.0,667.0
4.0,667.0
4.0,667.0
4.0,667.0
4.0,667.0
4.0,667.0
5.0,62.0
5.0,83.0
5.0,83.0
5.0,83.0
5.0,83.0
5.0,83.0
5.0,83.0
6.0,220.0
6.0,405.0
5.0,320.0
5.0,440.0
4.5,665.0
2.5,587.0
3.0,726.0
2.0,1130.0
6.0,220.0
4.0,569.0
4.0,569.0
4.0,569.0
5.0,216.0
4.0,151.0
6.0,141.0
6.0,141.0
6.0,395.0
3.0,521.0
3.0,521.0
3.0,521.0
5.0,265.0
4.5,349.0
4.0,415.0
4.0,572.0
6.0,67.0
4.5,285.0
5.0,60.0
4.5,354.0
5.0,460.0
4.5,351.0
5.0,446.0
4.0,395.0
4.5,490.0
4.5,687.0
5.0,189.0
4.5,240.0
4.5,506.0
5.5,305.0
4.0,424.0
4.5,469.0
4.5,469.0
4.0,329.0
4.0,329.0
6.0,489.0
5.5,115.0
5.5,115.0
5.5,115.0
5.5,115.0
5.5,115.0
5.5,115.0
5.5,115.0
6.0,135.0
6.0,135.0
6.0,135.0
6.0,135.0
6.0,135.0
6.0,135.0
6.0,135.0
7.0,138.0
7.0,138.0
7.0,138.0
7.0,138.0
7.0,138.0
7.0,138.0
7.0,138.0
4.0,692.0
6.0,226.0
4.5,380.0
5.0,130.0
4.5,380.0
4.0,465.0
5.5,254.0
5.0,131.0
3.0,725.0
5.0,216.0
4.0,346.0
4.0,416.0
4.5,381.0
4.5,381.0
4.0,270.0
5.0,437.0
5.0,576.0
5.5,335.0
5.0,214.0
5.0,269.0
6.0,269.0
6.0,333.0
5.5,248.0
5.5,248.0
5.5,537.0
5.5,537.0
5.0,728.0
4.0,941.0
5.5,293.0
5.5,293.0
3.5,284.0
4.0,342.0
4.0,419.0
4.0,532.0
5.0,605.0
4.5,232.0
4.5,232.0
4.5,284.0
4.5,284.0
4.5,349.0
4.5,349.0
5.5,70.0
5.5,70.0
5.5,70.0
5.5,70.0
5.5,70.0
5.5,70.0
4.5,505.0
5.5,400.0
5.0,215.0
5.0,270.0
6.0,365.0
5.0,330.0
6.0,435.0
5.0,215.0
4.5,310.0
2.5,590.0
5.0,450.0
5.0,610.0
5.0,284.0
6.0,68.0
6.0,68.0
6.0,68.0
5.0,766.0
6.0,103.0
5.5,110.0
6.0,138.0
6.0,138.0
6.0,138.0
6.0,138.0
6.0,138.0
6.0,138.0
4.5,287.0
5.5,295.0
5.0,422.0
6.0,151.0
6.0,151.0
6.0,151.0
6.0,151.0
6.0,151.0
6.0,151.0
5.5,514.0
6.0,159.0
6.0,159.0
6.0,159.0
6.0,159.0
6.0,159.0
6.0,159.0
6.0,162.0
6.0,162.0
6.0,162.0
6.0,162.0
6.0,162.0
6.0,162.0
3.0,689.0
3.5,810.0
6.0,469.0
5.5,400.0
4.0,988.0
5.0,335.0
6.0,163.0
4.5,380.0
4.5,380.0
5.0,464.0
5.0,464.0
5.0,599.0
5.0,599.0
4.5,868.0
4.5,868.0
6.0,104.0
6.0,135.0
3.0,1602.0
3.0,1602.0
3.0,1602.0
4.5,380.0
5.0,464.0
5.0,599.0
4.5,868.0
4.0,259.0
4.5,295.0
5.0,321.0
5.0,430.0
4.5,671.0
6.0,148.0
6.0,148.0
4.5,380.0
4.5,146.0
5.0,206.0
6.0,151.0
6.0,151.0
4.5,375.0
4.5,375.0
5.0,462.0
5.0,462.0
5.5,572.0
5.5,572.0
4.5,232.0
4.5,232.0
5.0,269.0
4.5,346.0
5.0,419.0
6.0,477.0
4.0,400.0
5.0,131.0
4.0,426.0
3.0,725.0
4.5,518.0
4.5,589.0
1.0,829.0
1.5,1011.0
6.0,210.0
6.0,247.0
5.5,386.0
5.5,110.0
5.5,110.0
5.5,70.0
5.5,70.0
6.0,802.0
6.0,802.0
4.5,67.0
4.5,67.0
4.0,422.0
4.0,93.0
4.0,93.0
4.0,100.0
4.0,100.0
6.0,420.0
4.5,380.0
3.5,476.0
3.5,476.0
3.5,638.0
3.5,638.0
5.5,110.0
6.0,151.0
3.5,430.0
4.0,93.0
4.5,378.0
5.5,118.0
5.5,118.0
3.5,476.0
5.5,118.0
5.0,186.0
4.5,512.0
4.5,512.0
4.5,512.0
4.5,375.0
4.5,375.0
4.5,375.0
4.0,269.0
4.0,151.0
3.5,638.0
7.0,53.0
6.0,823.0
6.0,220.0
5.0,186.0
5.5,118.0
5.5,118.0
5.5,112.0
4.5,512.0
4.5,380.0
4.5,353.0
5.5,409.0
3.5,840.0
4.5,512.0
6.0,247.0
6.0,258.0
6.0,320.0
5.0,280.0
4.5,350.0
6.0,140.0
6.0,140.0
6.0,140.0
4.0,424.0
4.0,586.0
5.0,175.0
3.5,811.0
3.5,376.0
3.0,955.0
5.0,319.0
6.0,369.0
3.5,649.0
5.0,459.0
5.0,1028.0
5.0,1028.0
5.0,1028.0
5.0,743.0
5.5,630.0
4.5,148.0
4.5,148.0
4.5,148.0
3.5,120.0
4.5,650.0
4.5,520.0
4.0,424.0
4.0,586.0
8.0,220.0
7.0,190.0
3.5,276.0
4.0,331.0
4.0,419.0
4.0,543.0
5.0,605.0
4.0,915.0
5.5,181.0
6.0,272.0
6.0,225.0
6.0,296.0
4.0,105.0
4.0,105.0
5.0,119.0
5.0,119.0
5.0,119.0
5.0,119.0
5.0,119.0
5.0,119.0
5.5,176.0
5.5,176.0
6.0,105.0
6.0,488.0
6.0,104.0
6.0,251.0
6.0,151.0
4.5,318.0
5.5,300.0
5.0,460.0
4.5,650.0
4.0,980.0
6.0,480.0
3.0,949.0
3.0,949.0
6.0,360.0
6.0,151.0
3.5,112.0
3.5,112.0
3.5,112.0
3.5,112.0
3.5,112.0
3.5,112.0
4.0,630.0
3.5,695.0
3.5,811.0
5.0,324.0
5.0,175.0
5.0,119.0
3.5,112.0
4.5,410.0
3.5,374.0
5.0,253.0
4.0,345.0
5.5,110.0
4.5,580.0
6.0,610.0
6.0,150.0
4.0,974.0
4.0,974.0
4.0,974.0
4.0,974.0
6.0,170.0
5.0,323.0
5.0,330.0
6.0,370.0
4.5,90.0
4.5,90.0
4.5,90.0
6.0,360.0
6.0,360.0
6.0,360.0
3.5,467.0
4.0,544.0
6.0,150.0
5.0,277.0
5.0,277.0
5.0,277.0
5.0,277.0
4.0,579.0
4.0,579.0
4.0,579.0
4.0,579.0
4.5,667.0
4.5,667.0
4.5,667.0
4.5,667.0
5.0,339.0
5.0,339.0
5.0,339.0
5.0,339.0
5.5,404.0
5.5,404.0
5.5,404.0
5.5,404.0
5.5,404.0
4.0,108.0
4.5,102.0
4.5,102.0
4.5,102.0
6.0,102.0
6.0,367.0
4.0,387.0
5.0,451.0
6.0,225.0
6.0,272.0
5.0,83.0
6.0,480.0
3.5,382.0
3.5,382.0
3.5,382.0
3.5,382.0
6.0,66.0
6.0,90.0
5.0,118.0
6.0,172.0
6.0,254.0
5.0,123.0
6.0,66.0
6.0,90.0
6.0,90.0
5.5,180.0
5.0,124.0
5.0,124.0
5.0,124.0
6.0,225.0
5.5,180.0
5.5,180.0
5.5,180.0
5.5,180.0
5.0,124.0
5.0,629.0
5.0,203.0
5.0,203.0
5.0,203.0
5.0,203.0
5.0,203.0
6.0,89.0
6.0,348.0
5.5,110.0
5.0,197.0
4.5,312.0
5.5,457.0
5.0,199.0
5.0,199.0
5.0,199.0
6.0,256.0
6.0,469.0
4.5,405.0
5.0,418.0
4.5,354.0
4.5,274.0
5.0,332.0
5.0,267.0
5.0,320.0
7.0,190.0
4.0,504.0
6.0,225.0
6.0,480.0
5.0,175.0
5.0,122.0
4.5,834.0
3.5,450.0
4.0,535.0
4.5,232.0
4.5,232.0
4.5,276.0
4.5,276.0
4.5,284.0
4.5,284.0
5.0,309.0
5.0,309.0
4.5,364.0
4.5,364.0
4.5,349.0
4.5,349.0
4.0,422.0
4.0,422.0
5.5,378.0
5.5,378.0
5.0,444.0
5.0,444.0
5.5,411.0
5.5,411.0
4.0,532.0
4.0,532.0
5.0,579.0
5.0,579.0
5.5,561.0
5.5,561.0
4.5,718.0
4.5,718.0
3.5,871.0
5.5,656.0
5.5,656.0
5.5,663.0
5.5,663.0
5.0,84.0
4.0,692.0
4.0,878.0
5.5,394.0
5.5,394.0
5.5,394.0
5.5,394.0
5.5,278.0
4.0,542.0
5.0,280.0
5.0,280.0
5.0,280.0
4.5,295.0
4.5,295.0
4.5,346.0
4.5,346.0
5.0,433.0
5.0,433.0
5.5,492.0
5.5,492.0
5.0,725.0
5.0,725.0
4.0,259.0
4.0,259.0
4.0,259.0
5.0,321.0
5.0,321.0
5.0,321.0
5.0,321.0
4.0,346.0
4.0,346.0
4.0,346.0
4.0,416.0
4.0,416.0
4.0,416.0
4.0,396.0
4.0,533.0
5.5,304.0
5.5,635.0
5.5,635.0
5.5,635.0
4.0,569.0
4.0,569.0
4.0,569.0
4.5,682.0
4.5,682.0
4.5,682.0
8.0,220.0
4.0,269.0
4.0,269.0
4.5,287.0
4.5,287.0
4.5,357.0
4.5,357.0
4.5,466.0
4.5,466.0
5.0,605.0
4.0,915.0
6.0,160.0
6.0,190.0
6.0,61.0
4.0,259.0
4.0,259.0
4.0,259.0
5.0,589.0
5.0,465.0
4.5,503.0
4.5,503.0
4.5,503.0
5.0,562.0
5.0,562.0
5.0,562.0
4.0,259.0
4.0,259.0
4.0,259.0
4.0,259.0
4.0,328.0
4.0,328.0
4.0,328.0
4.0,328.0
4.5,361.0
4.5,361.0
4.5,361.0
4.5,361.0
5.0,452.0
5.0,452.0
5.0,452.0
5.0,452.0
3.5,260.0
5.0,580.0
5.0,580.0
5.0,580.0
4.0,897.0
4.0,897.0
4.0,897.0
4.5,140.0
4.0,412.0
4.0,412.0
4.0,412.0
4.0,160.0
4.0,412.0
4.0,412.0
4.0,412.0
5.0,755.0
5.0,755.0
5.0,755.0
1.5,963.0
1.5,963.0
1.5,963.0
2.5,1069.0
2.5,1069.0
2.5,1069.0
5.0,605.0
5.0,605.0
5.0,605.0
4.5,791.0
4.5,791.0
4.5,791.0
4.0,562.0
4.0,562.0
4.0,562.0
4.0,744.0
4.0,744.0
4.0,744.0
4.0,948.0
4.0,948.0
4.0,948.0
4.0,419.0
4.0,419.0
4.0,419.0
4.0,532.0
4.0,532.0
4.0,532.0
1.5,1244.0
1.5,1244.0
1.5,1244.0
3.0,697.0
2.0,1365.0
2.0,1365.0
2.0,1365.0
4.0,269.0
4.5,287.0
4.5,357.0
4.5,466.0
4.0,569.0
4.0,569.0
4.0,569.0
4.0,343.0
3.5,784.0
3.0,1109.0
3.0,1109.0
3.0,1109.0
1.0,1025.0
1.0,1025.0
1.0,1025.0
6.0,358.0
6.0,104.0
6.0,104.0
6.0,104.0
4.0,711.0
4.0,711.0
4.0,711.0
4.0,905.0
4.0,905.0
4.0,905.0
4.5,671.0
4.5,671.0
4.5,671.0
4.5,671.0
2.0,616.0
5.0,605.0
6.0,272.0
3.5,789.0
4.5,765.0
6.0,149.0
6.0,102.0
4.0,1233.0
4.0,554.0
4.5,354.0
4.0,333.0
6.0,104.0
5.0,459.0
5.0,459.0
5.0,550.0
5.0,550.0
5.0,754.0
5.0,754.0
4.0,554.0
3.5,477.0
4.0,530.0
4.5,667.0
4.0,269.0
4.5,287.0
4.5,357.0
4.5,466.0
5.0,605.0
5.0,605.0
4.0,915.0
4.0,915.0
3.5,1034.0
2.5,793.0
3.0,894.0
4.0,416.0
4.0,416.0
3.5,288.0
4.0,348.0
4.0,416.0
4.0,565.0
4.0,565.0
4.0,565.0
5.0,212.0
6.0,99.0
5.0,744.0
4.5,232.0
5.5,404.0
6.0,272.0
4.5,175.0
4.5,175.0
4.5,175.0
4.0,158.0
4.0,158.0
4.0,158.0
4.5,223.0
4.5,289.0
4.5,365.0
5.0,457.0
4.5,362.0
5.0,457.0
5.0,726.0
5.0,726.0
5.0,726.0
4.0,416.0
4.0,416.0
4.0,416.0
4.0,569.0
4.0,569.0
4.0,569.0
4.0,806.0
4.0,806.0
4.0,806.0
4.0,732.0
6.0,532.0
6.0,150.0
3.5,476.0
3.0,1170.0
6.0,623.0
2.5,1010.0
5.0,277.0
4.5,220.0
4.5,520.0
3.0,532.0
2.5,812.0
3.0,956.0
5.0,944.0
5.0,180.0
5.5,275.0
6.0,370.0
4.0,330.0
5.0,205.0
5.0,129.0
2.5,1771.0
6.0,450.0
6.0,170.0
6.0,420.0
6.0,95.0
6.0,144.0
6.0,144.0
3.0,1276.0
3.0,1276.0
4.5,672.0
4.5,364.0
5.5,404.0
5.5,404.0
5.5,404.0
5.5,404.0
4.0,102.0
4.5,150.0
4.0,329.0
4.5,365.0
4.5,481.0
5.5,110.0
4.0,385.0
5.0,452.0
5.0,62.0
4.5,653.0
4.5,653.0
4.5,653.0
3.0,400.0
3.0,400.0
4.0,413.0
4.0,413.0
4.0,523.0
4.0,523.0
4.5,617.0
4.5,617.0
5.0,580.0
5.0,580.0
2.5,551.0
2.5,551.0
5.0,200.0
6.0,212.0
6.0,225.0
6.0,315.0
6.0,459.0
4.5,315.0
4.0,574.0
4.0,574.0
5.5,70.0
4.5,235.0
3.5,180.0
5.5,546.0
4.0,269.0
4.0,269.0
4.5,287.0
4.5,287.0
4.5,357.0
4.5,357.0
4.5,466.0
4.5,466.0
5.0,605.0
5.0,605.0
4.0,915.0
4.0,915.0
5.0,214.0
5.0,269.0
6.0,269.0
6.0,333.0
6.0,489.0
6.0,225.0
4.0,391.0
4.5,486.0
3.5,376.0
5.0,186.0
5.0,186.0
4.5,58.0
5.0,459.0
5.0,550.0
5.0,754.0
5.0,462.0
4.0,258.0
3.5,302.0
5.0,265.0
5.5,251.0
5.0,338.0
5.0,320.0
5.0,419.0
5.5,400.0
6.0,462.0
6.0,477.0
4.0,897.0
4.0,1233.0
4.0,400.0
4.0,400.0
5.0,463.0
5.0,463.0
6.0,104.0
6.0,104.0
6.0,104.0
6.0,104.0
6.0,104.0
6.0,149.0
6.0,149.0
6.0,149.0
6.0,149.0
6.0,149.0
4.0,259.0
4.0,259.0
5.5,305.0
5.5,305.0
5.5,399.0
5.5,399.0
6.0,489.0
6.0,489.0
5.5,696.0
5.5,696.0
5.5,305.0
4.0,259.0
5.5,399.0
6.0,489.0
5.5,696.0
2.0,397.0
2.0,651.0
2.0,902.0
5.0,68.0
5.0,79.0
4.0,243.0
4.0,243.0
4.0,243.0
4.5,354.0
5.0,127.0
5.0,127.0
5.0,127.0
5.0,309.0
5.5,251.0
2.5,1300.0
4.0,259.0
4.0,259.0
4.0,259.0
5.5,299.0
5.5,299.0
5.5,299.0
5.5,510.0
5.5,510.0
5.5,510.0
5.0,426.0
5.0,426.0
5.0,426.0
4.5,295.0
4.5,295.0
4.5,295.0
2.0,858.0
2.5,353.0
2.5,353.0
2.5,353.0
2.5,353.0
2.5,353.0
5.5,404.0
5.5,404.0
5.5,404.0
5.5,404.0
5.5,404.0
5.0,200.0
6.0,240.0
4.0,150.0
4.0,395.0
5.0,732.0
3.5,1423.0
5.0,280.0
5.0,118.0
5.0,180.0
5.5,110.0
4.0,791.0
4.5,776.0
5.0,944.0
5.0,212.0
5.5,546.0
5.5,546.0
5.5,546.0
5.5,546.0
5.5,546.0
4.5,96.0
5.5,302.0
5.5,302.0
5.5,302.0
5.5,302.0
5.5,302.0
4.0,1233.0
4.0,1233.0
4.0,1233.0
4.0,1233.0
4.0,1233.0
5.0,276.0
5.0,276.0
5.0,276.0
5.0,276.0
5.0,276.0
6.0,159.0
7.0,167.0
7.0,218.0
7.0,240.0
8.0,258.0
5.0,339.0
5.0,339.0
5.0,459.0
5.0,459.0
5.0,612.0
5.0,612.0
4.5,859.0
4.5,859.0
5.0,339.0
5.0,459.0
5.0,612.0
4.5,859.0
6.0,162.0
4.5,90.0
5.5,302.0
5.5,302.0
5.5,302.0
5.5,302.0
5.5,302.0
5.0,276.0
5.0,276.0
5.0,276.0
5.0,276.0
5.0,276.0
3.5,459.0
4.5,520.0
4.0,764.0
5.5,302.0
6.0,478.0
6.0,478.0
6.0,478.0
3.5,95.0
3.5,95.0
3.5,95.0
3.5,95.0
3.5,273.0
3.5,95.0
4.5,305.0
5.0,331.0
4.0,330.0
5.5,70.0
5.0,78.0
5.0,78.0
5.0,78.0
4.5,653.0
4.5,95.0
4.0,163.0
5.0,575.0
5.0,465.0
5.0,341.0
6.0,105.0
3.0,334.0
5.5,116.0
5.0,189.0
5.5,532.0
4.5,1058.0
4.5,1058.0
4.5,1058.0
5.0,309.0
6.0,370.0
6.0,432.0
4.5,221.0
4.5,221.0
4.5,221.0
4.5,221.0
5.0,532.0
6.0,93.0
7.0,121.0
4.5,520.0
4.5,520.0
4.5,639.0
4.5,639.0
4.5,520.0
4.5,639.0
5.5,110.0
5.0,180.0
6.0,204.0
6.0,250.0
5.0,214.0
5.0,276.0
5.0,320.0
5.0,349.0
5.5,404.0
4.0,579.0
6.0,367.0
5.0,269.0
5.5,409.0
5.0,405.0
5.0,405.0
5.0,405.0
5.0,189.0
5.0,189.0
6.0,149.0
6.0,149.0
6.0,149.0
6.0,149.0
6.0,149.0
5.0,341.0
5.0,341.0
5.0,131.0
5.0,131.0
4.0,975.0
5.0,285.0
5.0,285.0
5.0,405.0
5.0,405.0
5.0,405.0
5.0,704.0
5.0,704.0
5.0,704.0
5.0,704.0
5.0,339.0
5.0,339.0
4.0,555.0
4.0,555.0
5.0,599.0
5.0,599.0
5.0,339.0
4.0,555.0
5.0,599.0
4.0,540.0
4.0,540.0
5.0,338.0
5.0,338.0
3.5,376.0
5.0,78.0
5.0,78.0
5.0,321.0
3.0,327.0
6.0,155.0
4.5,477.0
6.0,358.0
6.0,148.0
4.5,145.0
6.0,327.0
5.5,500.0
5.5,178.0
5.5,412.0
5.5,412.0
5.5,412.0
3.5,390.0
4.5,210.0
4.5,210.0
5.0,78.0
6.0,372.0
6.0,372.0
6.0,372.0
6.0,372.0
6.0,372.0
4.0,719.0
5.0,780.0
5.0,780.0
6.0,415.0
6.0,299.0
4.0,719.0
4.0,719.0
5.0,780.0
5.0,130.0
6.0,630.0
5.0,130.0
5.0,82.0
6.0,431.0
3.5,680.0
6.0,320.0
5.5,246.0
5.5,890.0
5.5,872.0
5.0,210.0
6.0,395.0
6.0,395.0
6.0,395.0
5.0,338.0
5.0,456.0
6.0,398.0
6.0,173.0
6.0,220.0
6.0,252.0
6.0,305.0
6.0,413.0
7.0,481.0
6.0,60.0
6.0,60.0
6.0,60.0
5.0,181.0
6.0,532.0
6.0,532.0
6.0,532.0
6.0,90.0
3.5,811.0
4.0,259.0
4.0,259.0
4.0,259.0
5.0,426.0
5.0,426.0
5.0,426.0
5.5,510.0
5.5,510.0
5.5,510.0
4.5,295.0
4.5,295.0
4.5,295.0
5.5,299.0
5.5,299.0
5.5,299.0
6.0,450.0
5.5,110.0
5.5,110.0
5.5,110.0
5.5,110.0
5.5,110.0
5.5,110.0
5.5,110.0
5.5,110.0
5.5,110.0
5.5,110.0
5.5,110.0
3.0,413.0
5.5,158.0
5.5,158.0
5.5,158.0
5.0,130.0
5.0,130.0
5.0,130.0
3.5,464.0
5.5,295.0
5.5,295.0
5.5,295.0
5.5,295.0
5.5,295.0
5.0,285.0
5.0,285.0
5.0,285.0
5.0,285.0
5.0,285.0
4.5,520.0
4.5,520.0
4.5,378.0
5.0,459.0
2.0,1122.0
7.0,134.0
7.0,149.0
7.0,181.0
8.0,207.0
4.5,670.0
4.0,763.0
4.0,581.0
4.0,581.0
3.5,110.0
4.0,230.0
4.0,240.0
3.0,400.0
2.5,460.0
5.0,130.0
3.0,415.0
3.5,468.0
4.0,543.0
3.5,772.0
4.5,295.0
5.5,299.0
5.5,108.0
2.0,858.0
2.0,858.0
6.0,395.0
4.5,656.0
4.0,259.0
5.0,463.0
6.0,320.0
5.5,525.0
4.5,210.0
4.5,210.0
4.5,210.0
3.0,158.0
3.0,158.0
3.0,158.0
4.5,682.0
4.5,682.0
4.5,561.0
5.5,470.0
4.5,145.0
4.5,145.0
4.5,145.0
6.0,126.0
2.5,809.0
2.5,809.0
2.5,809.0
2.5,809.0
2.5,809.0
2.5,809.0
6.0,210.0
4.5,210.0
5.0,125.0
5.0,125.0
6.0,256.0
6.0,316.0
6.0,352.0
6.0,364.0
5.0,183.0
5.0,183.0
5.0,212.0
5.5,108.0
4.0,690.0
4.0,560.0
5.0,212.0
4.5,358.0
5.0,196.0
4.5,310.0
3.0,407.0
4.0,427.0
5.0,576.0
5.0,576.0
5.0,576.0
6.0,66.0
4.5,96.0
3.5,398.0
6.0,272.0
4.0,240.0
5.0,189.0
5.0,189.0
5.0,189.0
6.0,65.0
6.0,65.0
6.0,65.0
6.0,65.0
6.0,65.0
6.0,65.0
6.0,65.0
6.0,65.0
6.0,65.0
6.0,65.0
4.0,1233.0
4.0,1233.0
4.0,1233.0
4.0,1233.0
4.0,1233.0
4.0,1233.0
1.5,959.0
1.5,959.0
1.5,959.0
2.5,985.0
2.5,985.0
2.5,985.0
5.0,773.0
5.0,773.0
5.0,773.0
4.0,247.0
4.0,247.0
5.0,265.0
5.0,338.0
4.5,346.0
4.5,346.0
5.5,400.0
5.5,400.0
6.0,462.0
5.0,85.0
6.0,462.0
4.0,258.0
4.0,258.0
4.5,291.0
4.5,291.0
4.5,368.0
4.5,368.0
4.0,422.0
4.0,422.0
5.5,400.0
5.5,400.0
4.0,539.0
4.0,539.0
4.5,714.0
4.5,714.0
3.5,381.0
4.0,419.0
4.0,419.0
4.0,419.0
4.5,507.0
4.5,507.0
4.5,507.0
3.5,396.0
3.5,475.0
6.0,101.0
6.0,101.0
6.0,101.0
6.0,101.0
6.0,101.0
6.0,101.0
6.0,101.0
6.0,101.0
6.0,101.0
6.0,101.0
3.5,259.0
3.5,470.0
3.5,470.0
4.0,151.0
4.0,151.0
6.0,89.0
3.5,110.0
3.5,110.0
4.5,233.0
4.5,233.0
4.5,233.0
6.0,89.0
4.5,815.0
6.0,474.0
2.5,547.0
3.5,634.0
5.5,251.0
5.0,320.0
6.0,163.0
6.0,163.0
6.0,163.0
6.0,163.0
6.0,163.0
6.0,163.0
6.0,163.0
6.0,67.0
6.0,67.0
6.0,67.0
6.0,67.0
6.0,67.0
6.0,67.0
5.0,937.0
5.0,937.0
5.0,937.0
4.0,412.0
4.0,412.0
4.0,412.0
4.5,492.0
4.5,492.0
4.5,492.0
4.5,78.0
6.0,101.0
6.0,65.0
4.5,492.0
4.5,492.0
4.5,492.0
7.0,395.0
5.5,955.0
5.5,955.0
5.5,955.0
4.5,236.0
5.0,130.0
4.5,229.0
6.0,412.0
6.0,412.0
6.0,412.0
6.0,412.0
6.0,412.0
6.0,273.0
6.0,273.0
6.0,273.0
6.0,273.0
6.0,273.0
5.5,244.0
5.5,244.0
5.5,244.0
6.0,521.0
6.0,521.0
6.0,521.0
6.0,521.0
6.0,521.0
6.0,317.0
6.0,317.0
6.0,317.0
6.0,317.0
6.0,317.0
4.5,237.0
4.5,237.0
4.5,237.0
4.5,299.0
4.5,299.0
4.5,299.0
4.0,737.0
4.5,838.0
3.5,1076.0
3.5,1076.0
3.5,1076.0
5.0,715.0
5.0,715.0
5.0,715.0
4.0,397.0
4.0,397.0
4.0,397.0
5.0,733.0
5.0,733.0
5.0,733.0
4.0,791.0
4.0,791.0
4.0,791.0
6.0,210.0
6.0,210.0
6.0,210.0
6.0,210.0
4.5,229.0
4.5,229.0
4.5,229.0
4.0,258.0
4.0,269.0
4.0,269.0
4.5,305.0
4.5,305.0
4.5,305.0
4.5,357.0
4.5,357.0
4.5,357.0
5.0,441.0
5.0,441.0
5.0,441.0
5.0,605.0
5.0,605.0
5.0,776.0
5.0,776.0
5.0,776.0
4.5,295.0
5.0,433.0
5.0,459.0
5.5,492.0
5.0,550.0
5.0,754.0
4.5,287.0
5.0,338.0
5.0,338.0
5.0,448.0
5.5,524.0
5.5,565.0
4.5,795.0
6.0,474.0
5.0,131.0
5.0,131.0
4.5,295.0
5.0,433.0
5.0,459.0
6.0,572.0
6.0,572.0
5.0,754.0
5.0,448.0
1.5,1645.0
5.5,524.0
5.5,565.0
4.5,795.0
5.5,492.0
5.0,550.0
4.0,726.0
4.0,726.0
4.0,726.0
4.0,945.0
4.0,945.0
4.0,945.0
4.0,540.0
4.0,540.0
4.0,540.0
4.5,302.0
4.5,302.0
4.5,302.0
4.0,536.0
4.0,536.0
4.0,536.0
4.0,562.0
4.0,562.0
4.0,562.0
4.0,405.0
4.0,405.0
4.0,405.0
4.0,397.0
4.0,397.0
4.0,397.0
4.0,521.0
4.0,521.0
4.0,521.0
5.0,576.0
5.0,576.0
5.0,576.0
5.5,288.0
3.0,339.0
3.0,339.0
3.0,339.0
2.5,1047.0
2.5,1047.0
2.5,1047.0
4.0,412.0
4.0,412.0
4.0,412.0
4.0,401.0
4.0,401.0
4.0,401.0
4.0,343.0
4.0,343.0
4.0,343.0
3.5,437.0
3.5,437.0
3.5,437.0
4.0,565.0
4.0,565.0
4.0,565.0
4.0,697.0
4.0,697.0
4.0,697.0
1.5,952.0
1.5,952.0
1.5,952.0
4.5,806.0
4.5,806.0
4.5,806.0
4.0,258.0
4.0,331.0
4.0,411.0
4.0,528.0
4.5,663.0
4.0,915.0
6.0,565.0
6.0,565.0
5.0,707.0
5.0,707.0
5.0,704.0
5.0,704.0
5.0,704.0
5.5,529.0
5.5,529.0
5.5,529.0
3.5,440.0
4.5,517.0
4.5,653.0
4.5,653.0
4.5,653.0
4.5,788.0
4.5,788.0
4.5,788.0
5.5,76.0
5.5,404.0
4.5,91.0
4.5,317.0
6.0,456.0
6.0,456.0
6.0,456.0
5.5,631.0
5.0,419.0
5.5,503.0
4.5,659.0
4.5,659.0
5.0,464.0
5.0,464.0
4.5,381.0
4.5,381.0
5.0,464.0
4.5,659.0
6.0,210.0
6.0,525.0
3.5,1090.0
4.0,401.0
4.0,401.0
4.0,401.0
4.5,660.0
4.5,478.0
4.5,478.0
4.5,478.0
4.5,845.0
2.5,1237.0
2.5,1237.0
2.5,1237.0
5.0,419.0
5.0,419.0
5.0,419.0
5.5,503.0
5.5,503.0
5.5,503.0
5.5,503.0
6.0,525.0
6.0,525.0
6.0,525.0
6.0,525.0
5.0,205.0
3.5,1002.0
3.0,878.0
5.0,598.0
5.0,598.0
5.0,598.0
5.0,598.0
4.5,94.0
4.5,94.0
4.5,94.0
4.5,94.0
4.5,94.0
4.5,94.0
4.5,94.0
5.0,270.0
5.0,83.0
5.0,83.0
5.0,83.0
5.0,83.0
5.0,83.0
5.0,83.0
5.0,83.0
4.5,379.0
4.0,974.0
4.0,554.0
5.0,131.0
5.0,131.0
5.0,131.0
5.0,131.0
5.0,131.0
5.0,131.0
5.0,131.0
4.5,133.0
4.5,295.0
3.5,811.0
3.5,811.0
4.5,592.0
4.5,592.0
4.5,368.0
4.5,368.0
6.0,802.0
5.0,419.0
5.0,448.0
5.0,448.0
5.0,448.0
5.0,448.0
4.0,262.0
4.0,262.0
4.0,262.0
4.0,262.0
5.5,291.0
5.5,291.0
5.5,291.0
5.5,291.0
5.5,291.0
5.0,262.0
5.0,262.0
5.0,262.0
5.0,262.0
5.0,262.0
4.5,357.0
4.5,357.0
4.5,357.0
4.5,357.0
4.0,974.0
4.0,974.0
4.0,974.0
4.0,974.0
4.0,974.0
4.0,974.0
4.5,681.0
4.5,681.0
4.5,681.0
4.5,681.0
4.5,681.0
4.5,681.0
4.5,306.0
4.5,306.0
4.5,306.0
4.5,306.0
5.0,349.0
5.0,214.0
5.0,189.0
5.5,404.0
5.0,538.0
5.0,538.0
5.0,538.0
5.0,538.0
5.0,538.0
5.0,538.0
4.0,1215.0
4.0,1215.0
4.0,1215.0
3.5,376.0
3.0,338.0
3.0,338.0
3.0,338.0
4.5,511.0
4.5,240.0
6.0,144.0
4.5,300.0
4.5,367.0
5.0,440.0
5.5,515.0
3.0,716.0
3.0,925.0
4.0,940.0
5.5,853.0
6.0,170.0
6.0,200.0
6.0,240.0
6.0,350.0
6.0,460.0
5.0,999.0
5.0,999.0
5.0,999.0
5.0,999.0
5.0,642.0
4.5,795.0
4.5,372.0
5.0,437.0
3.5,630.0
4.0,806.0
4.0,886.0
6.0,802.0
5.5,893.0
5.5,893.0
4.5,349.0
4.5,349.0
3.5,390.0
4.5,381.0
5.0,440.0
5.0,550.0
5.5,660.0
5.5,890.0
5.5,562.0
5.5,909.0
4.0,247.0
4.0,247.0
5.5,251.0
5.0,335.0
5.0,419.0
6.0,462.0
4.5,94.0
4.0,107.0
6.0,358.0
6.0,299.0
5.5,76.0
4.0,427.0
4.0,427.0
4.0,427.0
4.0,427.0
4.0,427.0
4.0,560.0
4.0,560.0
4.0,560.0
4.0,560.0
4.0,560.0
4.0,690.0
4.0,690.0
4.0,690.0
4.0,690.0
4.0,690.0
3.5,398.0
3.5,398.0
3.5,398.0
3.5,398.0
3.5,398.0
4.5,468.0
6.0,210.0
5.5,194.0
5.5,404.0
4.0,251.0
5.0,262.0
5.5,291.0
5.0,419.0
5.5,503.0
3.0,400.0
4.5,550.0
6.0,525.0
6.0,67.0
3.5,291.0
3.5,291.0
3.5,291.0
5.0,328.0
5.0,328.0
5.0,328.0
5.0,463.0
5.0,463.0
5.0,463.0
6.0,105.0
7.0,59.0
4.5,381.0
6.0,95.0
5.0,284.0
5.0,284.0
5.0,284.0
5.0,284.0
5.0,284.0
6.0,371.0
6.0,371.0
6.0,371.0
6.0,371.0
6.0,371.0
6.0,488.0
6.0,488.0
6.0,488.0
6.0,488.0
6.0,488.0
5.5,302.0
5.5,302.0
5.5,302.0
5.5,302.0
5.5,302.0
6.0,104.0
6.0,104.0
6.0,104.0
6.0,104.0
6.0,104.0
4.0,343.0
6.0,148.0
6.0,148.0
6.0,148.0
6.0,148.0
6.0,148.0
5.0,214.0
5.0,214.0
5.0,214.0
5.0,214.0
5.0,214.0
5.0,284.0
6.0,371.0
6.0,488.0
5.5,302.0
5.0,214.0
6.0,148.0
6.0,104.0
5.5,407.0
5.5,407.0
5.5,301.0
5.5,301.0
4.5,532.0
4.5,532.0
4.5,532.0
4.5,532.0
4.5,532.0
4.5,532.0
4.5,145.0
4.5,242.0
5.5,254.0
6.0,269.0
6.0,369.0
7.0,389.0
6.0,599.0
5.0,532.0
4.0,667.0
4.5,58.0
4.5,198.0
4.0,251.0
4.0,251.0
4.0,251.0
4.0,251.0
5.5,379.0
5.5,379.0
5.5,379.0
4.5,1190.0
5.5,415.0
5.0,422.0
7.0,240.0
8.0,92.0
5.5,481.0
2.0,2652.0
5.5,116.0
5.5,180.0
5.5,180.0
4.5,648.0
4.5,550.0
5.0,82.0
4.5,829.0
4.5,829.0
4.5,829.0
5.0,422.0
4.0,107.0
5.0,208.0
3.5,370.0
4.5,483.0
6.0,101.0
6.0,101.0
6.0,101.0
6.0,101.0
6.0,211.0
5.0,208.0
5.5,277.0
5.0,173.0
1.0,755.0
1.0,755.0
1.0,755.0
5.0,131.0
5.0,609.0
5.0,609.0
5.0,609.0
5.0,609.0
5.0,609.0
5.0,609.0
5.0,125.0
3.5,271.0
4.0,311.0
4.5,380.0
4.5,515.0
3.5,450.0
4.0,538.0
5.0,625.0
5.5,277.0
6.0,90.0
4.5,379.0
4.0,331.0
4.0,331.0
4.0,331.0
4.0,331.0
4.0,331.0
4.0,331.0
6.0,165.0
4.0,1284.0
5.0,339.0
5.0,339.0
5.5,416.0
5.5,416.0
5.5,547.0
5.5,547.0
5.0,780.0
5.0,780.0
5.0,339.0
5.5,416.0
5.5,547.0
5.0,780.0
4.5,229.0
4.5,229.0
6.0,227.0
6.0,227.0
6.0,239.0
6.0,239.0
6.0,369.0
6.0,369.0
6.0,489.0
6.0,489.0
5.5,696.0
5.5,696.0
1.5,952.0
1.5,952.0
1.5,952.0
2.0,1178.0
2.0,1178.0
2.0,1178.0
4.0,72.0
5.5,116.0
4.5,378.0
4.5,378.0
4.5,378.0
4.5,378.0
4.5,378.0
4.5,378.0
4.5,56.0
5.0,750.0
5.0,62.0
4.5,229.0
6.0,227.0
6.0,369.0
6.0,489.0
5.5,696.0
4.0,426.0
3.5,639.0
4.5,683.0
4.0,969.0
5.0,1070.0
6.0,400.0
6.0,239.0
3.5,980.0
4.5,375.0
4.5,375.0
4.5,375.0
4.5,375.0
4.5,315.0
5.0,722.0
4.0,425.0
4.0,425.0
4.0,425.0
4.0,425.0
4.0,425.0
4.0,425.0
4.5,145.0
4.5,145.0
4.5,145.0
4.5,145.0
3.5,395.0
3.5,395.0
3.5,395.0
3.5,395.0
3.5,395.0
3.5,395.0
4.0,580.0
4.0,580.0
4.0,580.0
4.0,580.0
4.0,580.0
4.0,580.0
4.5,680.0
4.5,680.0
4.5,680.0
4.5,680.0
4.5,680.0
4.5,680.0
5.0,205.0
5.0,205.0
5.0,205.0
5.0,205.0
5.0,463.0
5.0,459.0
5.0,459.0
5.0,459.0
5.0,459.0
5.0,459.0
5.0,459.0
4.0,426.0
4.5,145.0
5.0,205.0
6.0,247.0
4.0,1233.0
3.5,833.0
5.0,605.0
6.0,66.0
6.0,490.0
5.0,442.0
5.0,319.0
5.5,236.0
6.0,151.0
5.0,125.0
4.5,317.0
4.5,378.0
4.5,378.0
4.5,378.0
4.5,378.0
4.5,378.0
4.5,378.0
4.5,680.0
4.5,198.0
6.0,93.0
7.0,121.0
6.0,93.0
6.0,93.0
7.0,121.0
7.0,121.0
5.0,130.0
5.0,999.0
4.0,720.0
3.5,1079.0
4.0,569.0
5.0,125.0
6.0,299.0
5.0,130.0
5.0,323.0
5.5,296.0
5.5,380.0
4.0,262.0
4.0,262.0
4.0,262.0
4.5,306.0
4.5,306.0
4.5,306.0
6.0,446.0
4.5,357.0
4.5,357.0
4.5,357.0
5.0,448.0
5.0,448.0
5.0,448.0
5.0,598.0
5.0,715.0
4.5,576.0
3.5,1090.0
3.5,1090.0
3.5,1090.0
3.5,1090.0
3.5,1090.0
4.0,269.0
4.0,258.0
4.5,305.0
4.5,305.0
4.5,357.0
4.5,357.0
5.0,441.0
5.0,441.0
5.0,605.0
5.0,605.0
5.0,776.0
5.0,776.0
5.0,530.0
5.0,610.0
5.0,600.0
5.0,530.0
5.0,176.0
5.0,119.0
5.0,276.0
4.0,404.0
4.0,404.0
3.5,1497.0
3.5,1497.0
3.5,1497.0
3.5,1497.0
3.5,1497.0
3.5,1497.0
3.5,1497.0
4.0,579.0
4.0,579.0
4.0,579.0
4.0,579.0
4.0,579.0
5.0,538.0
5.0,538.0
5.0,538.0
5.0,538.0
5.0,538.0
5.0,340.0
5.0,340.0
5.0,465.0
4.5,840.0
6.0,430.0
6.0,430.0
6.0,430.0
6.0,97.0
7.0,137.0
3.5,639.0
3.5,639.0
3.5,639.0
4.0,73.0
4.0,73.0
4.0,73.0
7.0,134.0
7.0,149.0
7.0,181.0
8.0,207.0
6.0,600.0
5.5,500.0
5.0,425.0
4.5,372.0
5.5,166.0
3.5,1434.0
3.5,1434.0
3.5,1434.0
3.5,1434.0
3.5,1434.0
3.5,1434.0
5.5,304.0
4.0,105.0
4.5,145.0
4.5,643.0
4.5,643.0
4.5,643.0
3.0,400.0
4.5,550.0
5.5,74.0
5.5,74.0
5.5,92.0
5.5,92.0
5.5,74.0
5.5,92.0
6.0,101.0
4.5,643.0
4.5,868.0
4.5,868.0
4.5,868.0
4.5,868.0
4.0,152.0
4.0,152.0
4.0,152.0
4.0,152.0
4.5,140.0
6.0,227.0
6.0,268.0
6.0,373.0
6.0,477.0
6.0,102.0
4.5,210.0
3.5,1117.0
3.5,1117.0
3.5,1117.0
3.5,1117.0
3.5,1117.0
6.0,172.0
4.5,379.0
4.0,540.0
4.0,540.0
6.0,172.0
6.0,172.0
6.0,256.0
6.0,256.0
6.0,256.0
4.0,106.0
4.5,145.0
5.5,152.0
2.5,850.0
4.5,379.0
4.5,95.0
4.5,95.0
4.5,95.0
4.5,95.0
4.5,95.0
5.0,131.0
5.0,131.0
5.0,131.0
5.0,131.0
5.0,131.0
4.5,342.0
4.0,433.0
6.0,150.0
7.0,463.0
5.5,106.0
4.5,488.0
5.5,69.0
4.0,411.0
6.0,371.0
6.0,371.0
6.0,371.0
6.0,371.0
6.0,371.0
6.0,371.0
3.5,386.0
5.0,608.0
5.0,608.0
5.0,608.0
5.0,608.0
5.0,608.0
5.0,608.0
5.0,608.0
5.0,608.0
3.5,470.0
4.0,327.0
5.0,431.0
3.5,645.0
4.0,1215.0
6.0,397.0
5.0,439.0
4.0,576.0
5.0,58.0
5.5,76.0
5.5,76.0
5.5,76.0
5.5,76.0
5.5,76.0
4.5,561.0
6.0,102.0
6.0,101.0
6.0,172.0
6.0,256.0
6.0,340.0
6.0,397.0
5.0,131.0
5.0,125.0
5.0,131.0
6.0,159.0
4.0,335.0
4.0,335.0
4.0,335.0
5.0,426.0
5.0,426.0
5.0,426.0
4.5,375.0
4.5,375.0
4.5,375.0
5.5,250.0
5.5,540.0
5.5,540.0
5.5,540.0
5.5,540.0
3.0,1670.0
3.0,1670.0
3.0,1670.0
3.0,1670.0
5.5,280.0
5.5,400.0
5.0,776.0
5.0,776.0
4.5,371.0
4.5,371.0
4.5,353.0
4.5,353.0
5.0,455.0
5.0,455.0
5.0,597.0
5.0,597.0
5.0,692.0
5.0,692.0
6.0,68.0
6.0,270.0
5.0,450.0
5.0,608.0
6.0,68.0
5.0,78.0
5.5,416.0
5.0,339.0
5.0,339.0
5.0,341.0
5.5,381.0
5.0,284.0
5.0,284.0
5.5,251.0
5.5,251.0
4.5,280.0
4.5,280.0
5.0,324.0
5.0,324.0
5.5,389.0
5.5,389.0
5.0,189.0
5.5,167.0
5.0,204.0
4.5,145.0
4.0,240.0
4.0,240.0
5.5,561.0
5.5,561.0
5.5,302.0
5.5,302.0
5.5,386.0
5.5,386.0
5.0,270.0
4.0,798.0
5.0,433.0
5.0,433.0
6.0,360.0
6.0,360.0
5.0,605.0
5.0,605.0
7.0,389.0
7.0,389.0
7.0,389.0
7.0,484.0
5.5,331.0
4.5,550.0
7.0,484.0
4.5,273.0
4.0,258.0
4.0,258.0
4.5,236.0
4.5,236.0
4.5,305.0
4.5,305.0
5.0,338.0
5.0,338.0
5.5,302.0
5.5,302.0
3.5,375.0
4.0,404.0
5.5,182.0
6.0,68.0
5.0,320.0
5.0,450.0
5.0,580.0
5.0,131.0
5.0,422.0
5.0,422.0
6.0,495.0
6.0,495.0
5.0,338.0
6.0,360.0
7.0,484.0
5.5,251.0
7.0,506.0
7.0,506.0
3.5,690.0
4.5,667.0
5.0,462.0
4.0,963.0
5.5,110.0
6.0,163.0
6.0,247.0
6.0,247.0
6.0,247.0
6.0,247.0
5.0,448.0
5.0,448.0
5.0,448.0
5.0,448.0
5.0,448.0
6.0,247.0
6.0,466.0
6.0,466.0
6.0,466.0
3.5,690.0
4.5,298.0
7.0,389.0
5.0,692.0
5.0,692.0
4.0,425.0
4.0,353.0
4.0,755.0
5.0,768.0
4.5,380.0
5.0,460.0
5.0,600.0
5.0,768.0
6.0,400.0
5.0,186.0
5.0,130.0
5.0,130.0
5.0,130.0
4.0,414.0
4.0,556.0
3.5,811.0
3.5,811.0
4.5,515.0
4.5,515.0
5.0,561.0
5.0,561.0
5.5,685.0
5.5,685.0
6.0,210.0
6.0,210.0
4.5,349.0
4.5,349.0
4.5,349.0
3.5,376.0
3.5,376.0
2.0,908.0
2.0,908.0
2.0,908.0
6.0,700.0
4.0,259.0
4.0,259.0
4.0,259.0
4.0,408.0
4.0,408.0
4.0,408.0
4.5,291.0
4.0,401.0
4.0,401.0
4.0,401.0
6.0,224.0
4.5,791.0
6.0,507.0
6.0,170.0
6.0,371.0
4.0,580.0
4.0,397.0
4.0,541.0
6.0,149.0
4.0,321.0
6.0,224.0
5.5,116.0
5.5,162.0
4.0,258.0
4.5,305.0
5.0,338.0
4.5,514.0
4.5,514.0
5.5,284.0
5.5,245.0
4.0,565.0
4.0,565.0
4.0,565.0
4.0,383.0
6.0,101.0
3.5,824.0
4.0,401.0
4.0,401.0
4.0,401.0
4.5,381.0
5.5,416.0
4.5,474.0
4.0,532.0
5.0,638.0
4.0,405.0
4.0,405.0
4.0,405.0
6.0,217.0
6.0,263.0
6.0,338.0
6.0,451.0
5.0,196.0
6.0,270.0
3.0,722.0
3.0,1163.0
4.0,719.0
4.5,667.0
4.0,258.0
4.5,654.0
4.5,797.0
4.5,654.0
4.5,785.0
4.5,785.0
4.0,248.0
4.5,229.0
4.5,229.0
4.5,229.0
4.0,394.0
4.0,394.0
4.0,394.0
4.5,518.0
4.5,518.0
4.5,518.0
4.5,503.0
4.5,503.0
4.5,503.0
4.0,558.0
4.0,558.0
4.0,558.0
4.5,510.0
5.0,572.0
5.0,572.0
5.0,572.0
2.5,992.0
2.5,992.0
2.5,992.0
5.0,554.0
5.0,554.0
5.0,554.0
4.0,791.0
4.0,791.0
4.0,791.0
5.0,682.0
5.0,729.0
5.0,729.0
5.0,729.0
3.5,1047.0
3.5,1047.0
3.5,1047.0
5.0,773.0
5.0,773.0
5.0,773.0
2.5,1317.0
2.5,1317.0
2.5,1317.0
5.5,886.0
5.5,886.0
5.5,886.0
6.0,320.0
1.0,1032.0
1.0,1032.0
1.0,1032.0
4.5,220.0
5.5,835.0
5.5,835.0
5.0,926.0
5.0,926.0
4.0,255.0
4.0,255.0
4.0,255.0
4.0,255.0
5.0,565.0
5.0,565.0
5.0,565.0
4.0,565.0
4.0,565.0
4.0,565.0
4.0,908.0
5.0,718.0
5.0,718.0
5.0,718.0
5.0,718.0
4.5,664.0
4.5,664.0
4.5,664.0
4.5,664.0
5.0,448.0
5.0,448.0
5.0,448.0
5.0,448.0
5.5,291.0
5.5,291.0
5.5,291.0
5.5,291.0
5.0,277.0
5.0,277.0
5.0,277.0
5.0,277.0
4.0,251.0
4.0,251.0
4.0,251.0
4.0,251.0
3.5,1306.0
4.0,394.0
4.0,394.0
4.0,394.0
4.0,368.0
4.0,368.0
4.0,368.0
4.0,748.0
4.0,748.0
4.0,748.0
4.0,908.0
4.0,908.0
4.0,908.0
5.5,952.0
5.5,952.0
4.0,408.0
4.0,408.0
4.0,408.0
5.5,76.0
4.5,514.0
4.5,514.0
4.5,514.0
5.0,609.0
5.0,609.0
5.0,609.0
5.0,773.0
5.0,773.0
5.0,773.0
4.0,339.0
4.0,339.0
4.0,339.0
4.0,562.0
4.0,693.0
4.0,693.0
4.0,693.0
4.5,806.0
4.5,806.0
4.5,806.0
5.0,284.0
5.0,284.0
5.0,284.0
6.0,59.0
8.0,60.0
5.0,310.0
5.0,310.0
5.0,310.0
5.0,310.0
5.0,310.0
5.0,310.0
5.0,310.0
5.0,430.0
5.0,430.0
5.0,430.0
5.0,430.0
5.0,430.0
5.0,430.0
1.5,948.0
1.5,948.0
1.5,948.0
3.0,1208.0
3.0,1208.0
3.0,1208.0
5.5,525.0
5.5,525.0
5.5,525.0
5.5,525.0
5.5,525.0
5.5,525.0
5.5,686.0
5.5,686.0
5.5,686.0
5.5,686.0
5.5,686.0
5.5,686.0
5.5,686.0
5.0,1032.0
5.0,1032.0
5.0,1032.0
6.0,258.0
5.0,334.0
4.5,297.0
6.0,568.0
4.5,242.0
5.5,502.0
5.0,422.0
5.5,251.0
7.0,389.0
4.0,391.0
4.0,391.0
4.0,391.0
4.0,391.0
4.0,391.0
4.0,391.0
4.0,391.0
4.0,391.0
4.0,391.0
5.5,415.0
5.5,415.0
5.5,415.0
5.5,415.0
5.5,415.0
5.5,415.0
5.5,415.0
5.5,415.0
5.5,415.0
5.5,415.0
4.5,650.0
4.5,650.0
4.5,650.0
4.5,650.0
4.5,650.0
4.5,650.0
4.5,650.0
4.5,650.0
4.5,650.0
4.5,650.0
5.0,740.0
5.0,740.0
5.0,740.0
5.0,740.0
5.0,740.0
5.0,740.0
5.0,740.0
5.0,740.0
5.0,740.0
5.0,740.0
4.0,1201.0
4.0,1201.0
4.0,1201.0
4.0,1201.0
4.0,1201.0
4.0,1201.0
4.0,1201.0
4.0,1201.0
4.0,1201.0
4.0,1201.0
6.0,172.0
2.5,1043.0
2.5,1043.0
2.5,1043.0
4.0,412.0
4.0,412.0
4.0,412.0
4.5,481.0
4.5,481.0
4.5,481.0
4.5,653.0
4.5,653.0
4.5,653.0
4.5,806.0
4.5,806.0
4.5,806.0
5.0,430.0
5.5,525.0
4.0,391.0
4.0,391.0
5.5,415.0
4.5,650.0
5.0,740.0
4.0,1201.0
4.5,826.0
5.0,450.0
5.5,547.0
6.0,769.0
6.0,554.0
6.0,554.0
6.0,460.0
5.0,186.0
5.0,186.0
5.0,284.0
6.0,258.0
4.0,230.0
4.0,230.0
5.0,433.0
5.0,85.0
5.0,85.0
5.0,85.0
5.0,85.0
3.0,678.0
3.0,678.0
3.0,678.0
3.0,678.0
3.0,678.0
3.0,678.0
3.0,678.0
3.5,806.0
3.5,806.0
3.5,806.0
3.5,806.0
3.5,806.0
3.5,806.0
3.5,806.0
7.0,121.0
7.0,121.0
6.0,89.0
6.0,89.0
6.0,89.0
5.0,203.0
5.0,203.0
5.5,239.0
5.5,239.0
6.0,259.0
6.0,259.0
5.5,399.0
5.5,399.0
6.0,479.0
6.0,479.0
6.0,479.0
5.5,698.0
5.5,698.0
5.0,465.0
5.0,465.0
5.0,579.0
5.0,579.0
5.0,759.0
5.0,759.0
5.5,888.0
5.5,888.0
4.0,952.0
4.0,952.0
4.0,952.0
4.0,952.0
4.0,952.0
4.0,952.0
4.0,952.0
5.0,85.0
3.5,690.0
6.0,100.0
7.0,121.0
6.0,151.0
6.0,397.0
5.5,194.0
5.5,194.0
5.5,194.0
5.5,194.0
3.5,466.0
3.5,466.0
3.5,466.0
3.5,466.0
3.5,466.0
5.5,302.0
5.5,302.0
5.5,302.0
5.5,302.0
3.5,640.0
3.5,640.0
3.5,640.0
3.5,640.0
5.0,448.0
5.0,448.0
5.0,448.0
5.0,448.0
5.0,127.0
6.0,320.0
5.0,82.0
6.0,123.0
3.0,532.0
4.0,251.0
4.0,251.0
4.0,251.0
4.0,251.0
4.0,251.0
4.5,291.0
4.5,291.0
4.5,291.0
4.5,291.0
4.5,291.0
6.0,800.0
5.0,338.0
5.0,338.0
5.0,433.0
5.0,433.0
5.5,305.0
5.5,416.0
6.0,489.0
5.5,688.0
4.0,416.0
4.0,416.0
4.0,416.0
4.5,493.0
4.5,499.0
4.0,391.0
1.5,992.0
1.5,1244.0
6.0,485.0
5.5,499.0
5.5,499.0
5.5,499.0
5.5,499.0
5.5,499.0
5.5,499.0
5.5,416.0
5.5,416.0
5.5,416.0
5.5,416.0
5.5,416.0
5.5,416.0
5.5,291.0
5.5,291.0
5.5,291.0
5.5,291.0
5.5,291.0
5.5,291.0
4.0,251.0
4.0,251.0
4.0,251.0
4.0,251.0
4.0,251.0
4.0,251.0
5.0,262.0
5.0,262.0
5.0,262.0
5.0,262.0
5.0,262.0
5.0,262.0
6.0,521.0
6.0,521.0
6.0,521.0
6.0,521.0
6.0,521.0
6.0,521.0
5.5,175.0
6.0,205.0
6.0,261.0
6.0,320.0
6.0,400.0
4.5,379.0
4.5,379.0
4.5,379.0
5.0,465.0
5.5,280.0
5.0,759.0
5.5,888.0
5.0,579.0
3.5,1310.0
3.5,1310.0
3.5,1310.0
5.5,247.0
5.5,247.0
5.5,247.0
5.5,247.0
5.0,203.0
5.5,239.0
6.0,259.0
5.5,399.0
5.5,698.0
3.5,980.0
6.0,1100.0
6.0,150.0
5.0,130.0
6.0,140.0
6.0,260.0
5.5,112.0
5.5,416.0
5.5,416.0
6.0,489.0
6.0,489.0
5.5,698.0
5.5,698.0
5.5,955.0
5.5,955.0
5.5,416.0
6.0,489.0
5.5,698.0
5.5,955.0
4.5,863.0
4.5,863.0
4.5,863.0
4.5,863.0
6.0,224.0
4.5,134.0
4.5,134.0
5.0,81.0
4.5,520.0
4.5,520.0
4.5,679.0
5.0,780.0
4.5,520.0
4.5,679.0
4.5,679.0
5.0,780.0
5.0,780.0
5.0,605.0
5.0,605.0
5.5,532.0
6.0,357.0
4.5,90.0
4.5,520.0
5.5,548.0
5.5,666.0
4.5,90.0
5.5,542.0
5.5,542.0
5.5,542.0
5.5,542.0
6.0,137.0
5.5,531.0
5.5,531.0
5.5,531.0
5.5,531.0
5.5,531.0
6.0,135.0
5.0,436.0
5.0,436.0
5.0,436.0
5.0,436.0
5.0,436.0
5.0,436.0
5.5,304.0
5.5,304.0
5.5,304.0
5.5,531.0
6.0,140.0
5.5,112.0
4.5,378.0
4.5,378.0
4.5,378.0
4.5,378.0
4.5,378.0
4.5,378.0
6.0,59.0
8.0,60.0
5.5,152.0
5.5,112.0
4.5,520.0
6.0,371.0
6.0,148.0
5.0,316.0
5.5,406.0
6.0,413.0
6.0,506.0
6.0,397.0
5.5,152.0
6.0,259.0
6.0,321.0
7.0,345.0
6.0,624.0
3.5,441.0
3.5,441.0
3.5,441.0
3.5,441.0
3.5,441.0
3.5,441.0
5.5,116.0
5.5,116.0
5.5,116.0
5.5,116.0
5.5,116.0
5.5,116.0
3.5,1350.0
4.0,422.0
4.0,422.0
4.0,422.0
4.0,422.0
5.0,448.0
5.0,448.0
5.0,448.0
5.0,448.0
5.0,130.0
6.0,140.0
6.0,89.0
6.0,145.0
4.0,251.0
5.0,262.0
5.5,291.0
5.0,212.0
6.0,260.0
5.0,730.0
6.0,220.0
5.5,300.0
5.0,285.0
5.0,285.0
4.0,399.0
4.0,399.0
5.0,439.0
5.0,439.0
5.5,539.0
5.5,539.0
6.0,618.0
6.0,618.0
5.0,988.0
5.0,988.0
6.0,489.0
6.0,489.0
5.0,285.0
6.0,489.0
5.5,416.0
5.5,499.0
6.0,521.0
4.0,399.0
5.0,439.0
5.5,539.0
6.0,618.0
5.0,988.0
5.0,338.0
5.5,388.0
7.0,413.0
5.5,553.0
5.0,590.0
4.5,490.0
4.0,244.0
5.0,270.0
5.5,299.0
5.5,379.0
5.5,514.0
6.0,602.0
5.0,214.0
5.5,300.0
5.5,300.0
5.5,390.0
5.5,390.0
5.5,495.0
5.5,495.0
5.5,390.0
5.5,495.0
5.0,265.0
5.5,295.0
5.5,543.0
6.0,170.0
6.0,196.0
7.0,200.0
7.0,247.0
6.0,615.0
5.0,450.0
6.0,137.0
6.0,221.0
4.0,269.0
4.0,269.0
4.0,269.0
3.5,634.0
3.5,634.0
3.5,634.0
3.5,634.0
5.5,304.0
6.0,173.0
5.0,465.0
4.5,682.0
4.0,269.0
5.0,83.0
5.0,83.0
4.5,1565.0
4.5,1565.0
4.5,1565.0
5.0,83.0
5.0,200.0
5.0,131.0
5.5,185.0
4.5,134.0
4.5,134.0
4.5,134.0
4.5,134.0
4.5,134.0
5.5,229.0
5.5,229.0
5.0,127.0
2.5,740.0
3.0,530.0
6.0,228.0
5.0,83.0
5.0,83.0
5.0,83.0
5.0,83.0
5.0,83.0
5.0,83.0
5.0,83.0
5.0,131.0
5.0,131.0
5.0,131.0
5.0,131.0
4.5,88.0
5.0,127.0
4.0,427.0
4.0,427.0
4.0,427.0
4.0,427.0
4.0,427.0
3.5,651.0
3.5,651.0
3.5,651.0
3.5,651.0
3.5,651.0
6.0,222.0
5.5,255.0
5.5,304.0
5.5,547.0
5.5,415.0
5.5,390.0
5.5,230.0
5.5,184.0
5.5,194.0
5.0,1028.0
5.0,1028.0
5.0,1058.0
5.0,1058.0
5.0,1028.0
5.0,1058.0
6.0,1148.0
6.0,1148.0
6.0,1148.0
5.0,462.0
6.0,451.0
6.0,300.0
4.5,295.0
4.5,295.0
4.5,295.0
5.5,295.0
5.0,215.0
5.5,244.0
5.5,167.0
5.5,167.0
5.5,167.0
5.5,167.0
5.5,167.0
5.5,167.0
6.0,251.0
6.0,350.0
6.0,434.0
6.0,270.0
4.5,227.0
4.5,227.0
4.5,227.0
5.5,299.0
5.5,299.0
5.5,299.0
5.0,452.0
5.0,452.0
5.0,452.0
4.5,646.0
4.5,646.0
4.5,646.0
4.5,88.0
3.0,422.0
3.0,422.0
3.0,422.0
3.0,422.0
3.0,422.0
3.0,422.0
5.0,196.0
6.0,397.0
6.0,397.0
6.0,397.0
6.0,397.0
3.0,513.0
3.0,513.0
3.0,513.0
3.0,513.0
3.0,513.0
3.0,513.0
3.0,696.0
3.0,696.0
3.0,696.0
3.0,696.0
3.0,696.0
3.0,696.0
4.5,685.0
4.5,685.0
4.5,685.0
4.5,685.0
4.5,685.0
4.5,685.0
5.5,116.0
5.5,116.0
5.5,116.0
5.5,116.0
5.5,116.0
5.5,116.0
5.5,389.0
4.5,240.0
5.5,251.0
4.5,349.0
5.0,58.0
6.0,280.0
6.0,163.0
6.0,397.0
6.0,397.0
6.0,397.0
4.0,258.0
4.5,305.0
5.0,338.0
5.0,433.0
4.5,229.0
6.0,485.0
6.0,200.0
7.0,203.0
7.0,254.0
3.0,530.0
3.5,640.0
4.0,258.0
4.0,258.0
4.0,258.0
4.0,258.0
4.0,258.0
4.0,258.0
5.5,110.0
4.5,94.0
4.5,94.0
4.5,94.0
4.5,94.0
6.0,270.0
6.0,397.0
7.0,250.0
5.5,165.0
5.0,125.0
6.0,100.0
4.0,349.0
4.0,349.0
4.0,349.0
4.0,349.0
4.0,349.0
4.0,349.0
6.0,135.0
5.5,230.0
5.5,280.0
6.0,300.0
5.0,538.0
5.0,538.0
5.0,538.0
5.0,538.0
5.0,538.0
5.0,81.0
5.0,81.0
6.0,347.0
4.5,130.0
4.5,130.0
5.5,540.0
5.5,56.0
3.5,81.0
4.5,94.0
4.5,94.0
6.0,92.0
5.5,116.0
5.5,116.0
5.5,116.0
5.5,539.0
6.0,430.0
5.5,167.0
5.5,167.0
4.5,242.0
4.5,297.0
5.0,334.0
5.0,422.0
5.5,501.0
6.0,567.0
5.5,502.0
6.0,568.0
5.0,450.0
5.0,326.0
4.0,751.0
4.0,751.0
4.0,751.0
4.0,751.0
4.0,751.0
4.0,751.0
5.0,83.0
5.0,83.0
5.0,83.0
5.0,83.0
5.0,83.0
6.0,258.0
6.0,313.0
5.5,225.0
5.5,225.0
5.5,281.0
5.5,281.0
5.5,281.0
6.0,360.0
6.0,360.0
6.0,360.0
5.0,192.0
5.5,214.0
4.5,1073.0
4.5,1073.0
4.5,1073.0
6.0,150.0
4.5,145.0
5.5,225.0
6.0,247.0
3.0,513.0
3.0,513.0
3.0,513.0
3.0,513.0
3.0,513.0
3.0,513.0
5.0,462.0
5.0,462.0
5.0,462.0
5.0,462.0
5.0,462.0
5.0,462.0
6.0,555.0
6.0,330.0
5.0,83.0
6.0,568.0
5.5,502.0
5.5,302.0
5.5,302.0
6.0,357.0
6.0,405.0
5.5,400.0
5.5,510.0
5.0,80.0
5.0,188.0
5.0,280.0
2.5,810.0
3.0,950.0
2.5,1350.0
5.5,302.0
5.5,302.0
5.5,302.0
5.5,302.0
6.0,347.0
6.0,485.0
5.0,460.0
6.0,298.0
5.0,334.0
5.0,422.0
5.0,336.0
4.5,242.0
4.0,1697.0
4.5,297.0
3.0,950.0
5.0,404.0
5.0,404.0
5.0,404.0
5.0,404.0
5.0,404.0
5.0,404.0
5.5,167.0
5.5,288.0
5.5,288.0
5.5,288.0
5.5,405.0
5.5,405.0
5.5,405.0
6.0,536.0
6.0,536.0
6.0,536.0
5.5,492.0
5.5,492.0
5.5,492.0
6.0,163.0
5.0,130.0
5.0,130.0
5.0,130.0
6.0,151.0
6.0,151.0
6.0,151.0
5.5,70.0
4.0,75.0
5.5,255.0
6.0,195.0
6.0,372.0
4.5,96.0
5.0,129.0
6.0,132.0
6.0,247.0
6.0,430.0
6.0,397.0
5.0,130.0
4.0,580.0
4.0,580.0
4.0,580.0
5.5,302.0
6.0,59.0
7.0,392.0
6.0,220.0
4.0,758.0
5.0,131.0
6.0,218.0
5.0,332.0
6.0,340.0
4.0,160.0
4.0,160.0
4.0,160.0
6.0,247.0
6.0,247.0
6.0,247.0
6.0,247.0
6.0,247.0
5.0,130.0
5.0,130.0
5.0,130.0
5.0,130.0
5.0,130.0
6.0,247.0
4.0,421.0
4.0,421.0
4.0,421.0
4.0,421.0
4.0,421.0
4.0,421.0
4.0,421.0
4.0,582.0
4.0,582.0
4.0,582.0
4.0,582.0
4.0,582.0
3.5,471.0
3.5,471.0
3.5,471.0
3.5,471.0
3.5,471.0
5.0,129.0
4.0,105.0
4.0,105.0
4.0,105.0
3.0,930.0
3.0,930.0
3.0,930.0
3.0,930.0
3.0,930.0
1.0,1771.0
1.0,1771.0
1.0,1771.0
1.0,1771.0
1.0,1771.0
2.0,890.0
1.5,1255.0
5.0,1050.0
5.0,1050.0
5.0,1050.0
5.0,1050.0
5.0,1050.0
5.5,302.0
5.5,302.0
6.0,368.0
6.0,368.0
7.0,386.0
7.0,386.0
6.0,543.0
6.0,543.0
6.0,270.0
5.5,297.0
6.0,210.0
5.5,230.0
6.0,337.0
6.0,210.0
6.0,210.0
6.0,210.0
5.5,117.0
4.5,90.0
5.5,192.0
5.5,183.0
5.0,590.0
5.5,389.0
5.5,389.0
5.0,82.0
4.5,229.0
4.5,229.0
5.5,295.0
5.5,295.0
5.5,386.0
5.5,386.0
4.5,232.0
4.5,232.0
5.0,280.0
5.0,280.0
6.0,368.0
6.0,368.0
4.5,514.0
4.5,514.0
7.0,389.0
7.0,389.0
6.0,484.0
6.0,484.0
5.0,200.0
5.0,205.0
5.0,205.0
5.0,205.0
5.0,205.0
5.0,205.0
5.0,205.0
5.0,205.0
5.0,205.0
5.0,205.0
5.0,205.0
5.0,776.0
5.0,776.0
5.5,400.0
5.5,400.0
5.0,200.0
5.0,200.0
5.0,200.0
5.0,200.0
5.0,200.0
5.0,200.0
5.0,200.0
5.0,200.0
5.0,200.0
5.0,200.0
6.0,245.0
6.0,265.0
6.0,265.0
6.0,265.0
6.0,265.0
6.0,265.0
6.0,265.0
6.0,265.0
6.0,265.0
6.0,265.0
6.0,265.0
6.0,255.0
6.0,255.0
6.0,255.0
6.0,255.0
6.0,255.0
6.0,255.0
6.0,255.0
6.0,255.0
6.0,255.0
6.0,255.0
6.0,255.0
6.0,350.0
6.0,340.0
6.0,340.0
6.0,340.0
6.0,340.0
6.0,340.0
6.0,340.0
6.0,340.0
6.0,340.0
6.0,340.0
6.0,340.0
6.0,340.0
6.0,340.0
6.0,340.0
6.0,340.0
6.0,340.0
6.0,340.0
6.0,340.0
6.0,340.0
6.0,340.0
6.0,340.0
6.0,340.0
7.0,385.0
6.0,460.0
6.0,460.0
6.0,460.0
6.0,460.0
6.0,460.0
6.0,460.0
6.0,460.0
6.0,460.0
6.0,460.0
6.0,460.0
6.0,450.0
6.0,450.0
6.0,450.0
6.0,450.0
6.0,450.0
6.0,450.0
6.0,450.0
6.0,450.0
6.0,450.0
6.0,450.0
6.0,450.0
6.0,99.0
6.0,99.0
6.0,99.0
6.0,210.0
6.0,210.0
6.0,210.0
4.5,548.0
4.5,550.0
5.0,404.0
6.0,228.0
6.0,228.0
6.0,228.0
6.0,228.0
6.0,228.0
5.5,116.0
5.0,280.0
5.0,280.0
4.5,295.0
4.5,295.0
5.5,287.0
5.5,287.0
5.5,302.0
5.5,302.0
5.0,324.0
5.0,324.0
5.0,608.0
5.0,608.0
6.0,579.0
6.0,579.0
4.5,90.0
4.5,232.0
4.5,232.0
6.0,368.0
6.0,368.0
6.0,477.0
6.0,477.0
6.0,568.0
6.0,568.0
4.5,287.0
5.5,222.0
5.5,222.0
5.0,331.0
5.0,331.0
4.5,353.0
4.5,353.0
5.0,338.0
5.5,411.0
6.0,506.0
6.0,506.0
6.0,514.0
4.0,102.0
6.0,68.0
6.0,535.0
6.0,535.0
4.0,259.0
4.0,259.0
4.0,259.0
5.0,270.0
5.0,270.0
5.0,270.0
5.0,310.0
5.0,310.0
5.0,310.0
5.5,408.0
5.5,408.0
5.5,408.0
5.5,521.0
5.5,521.0
5.5,521.0
6.0,554.0
6.0,554.0
6.0,554.0
4.0,248.0
4.0,248.0
4.0,248.0
4.0,248.0
4.0,248.0
5.0,262.0
5.0,262.0
5.0,262.0
5.0,262.0
5.0,262.0
6.0,462.0
6.0,462.0
6.0,568.0
5.0,338.0
5.0,433.0
5.0,203.0
5.0,203.0
6.0,554.0
6.0,488.0
6.0,488.0
6.0,364.0
6.0,364.0
4.5,685.0
4.5,685.0
4.5,685.0
4.5,685.0
4.5,685.0
4.5,685.0
3.5,1080.0
3.5,1080.0
3.5,1080.0
3.5,1080.0
3.5,850.0
3.5,850.0
3.5,850.0
3.5,850.0
2.5,810.0
2.5,810.0
2.5,810.0
2.5,810.0
4.0,579.0
4.0,579.0
4.0,579.0
4.0,579.0
4.0,579.0
4.0,579.0
3.5,853.0
3.5,853.0
3.5,853.0
3.5,853.0
3.5,853.0
3.5,853.0
5.5,955.0
5.5,955.0
5.5,955.0
5.5,955.0
5.5,955.0
5.5,955.0
5.0,215.0
5.0,215.0
5.0,215.0
5.0,215.0
6.0,228.0
5.5,412.0
5.5,412.0
5.5,412.0
5.5,412.0
5.5,412.0
5.5,291.0
5.5,291.0
5.5,291.0
5.5,291.0
5.5,291.0
5.5,247.0
5.5,247.0
5.5,247.0
5.5,247.0
5.0,335.0
5.0,335.0
5.0,335.0
5.0,335.0
4.5,817.0
4.5,817.0
4.5,817.0
4.5,470.0
4.5,368.0
4.0,693.0
4.0,693.0
4.0,693.0
4.0,397.0
4.0,397.0
4.0,397.0
5.5,277.0
5.5,277.0
5.5,277.0
7.0,503.0
7.0,503.0
6.0,67.0
6.0,67.0
5.0,131.0
5.0,131.0
3.5,256.0
3.5,256.0
5.0,353.0
5.5,470.0
4.0,426.0
4.0,426.0
4.0,426.0
4.0,426.0
4.0,426.0
4.0,426.0
5.0,131.0
5.0,131.0
5.0,131.0
5.0,131.0
4.5,375.0
4.5,375.0
4.5,375.0
4.0,562.0
4.0,562.0
4.0,562.0
4.0,744.0
4.0,744.0
4.0,744.0
4.0,952.0
4.0,952.0
4.0,952.0
4.0,562.0
4.0,562.0
4.0,562.0
5.0,338.0
5.5,411.0
6.0,514.0
6.0,568.0
6.0,67.0
5.0,276.0
5.0,313.0
5.0,313.0
5.0,313.0
5.0,313.0
5.0,313.0
6.0,368.0
6.0,368.0
6.0,368.0
6.0,368.0
6.0,368.0
5.0,131.0
3.5,256.0
4.0,392.0
6.0,165.0
4.5,506.0
4.5,506.0
4.5,506.0
4.5,506.0
5.5,835.0
5.5,835.0
4.0,152.0
4.0,152.0
4.0,152.0
4.0,152.0
5.0,84.0
4.0,160.0
6.0,410.0
6.0,310.0
4.0,244.0
4.0,317.0
4.0,386.0
4.0,386.0
4.0,386.0
5.5,190.0
5.0,276.0
5.0,213.0
4.5,871.0
4.5,871.0
4.5,871.0
4.5,871.0
4.5,871.0
4.5,871.0
6.0,160.0
